{
	"texture_size": [4, 4],
	"textures": {
		"4": "minecraft:customitems/armas/espadadeoro/mango1",
		"5": "minecraft:customitems/armas/espadadeoro/mango2",
		"6": "minecraft:customitems/armas/espadadeoro/mango3",
		"7": "minecraft:customitems/armas/espadadeoro/mango4",
		"8": "minecraft:customitems/armas/espadadeoro/mango5",
		"9": "minecraft:customitems/armas/espadadeoro/mango6",
		"10": "minecraft:customitems/armas/espadadeoro/mango7",
		"11": "minecraft:customitems/armas/espadadeoro/mango8",
		"12": "minecraft:customitems/armas/espadadeoro/mango9",
		"13": "minecraft:customitems/armas/espadadeoro/mango10",
		"14": "minecraft:customitems/armas/espadadeoro/gemamango",
		"15": "minecraft:customitems/armas/espadadeoro/filo1",
		"16": "minecraft:customitems/armas/espadadeoro/filo2",
		"17": "minecraft:customitems/armas/espadadeoro/filo3",
		"18": "minecraft:customitems/armas/espadadeoro/filo4",
		"particle": "minecraft:customitems/armas/espadadeoro/filo1"
	},
	"elements": [
		{
			"from": [8.25, 4, 6.25],
			"to": [8.75, 6, 6.75],
			"faces": {
				"north": {"uv": [0, 0, 1, 4], "texture": "#10"},
				"east": {"uv": [2, 0, 3, 4], "texture": "#10"},
				"south": {"uv": [0, 4, 1, 8], "texture": "#10"},
				"west": {"uv": [4, 0, 5, 4], "texture": "#10"},
				"up": {"uv": [3, 5, 2, 4], "texture": "#10"},
				"down": {"uv": [5, 4, 4, 5], "texture": "#10"}
			}
		},
		{
			"from": [8.25, 2.2, 6.35],
			"to": [8.75, 4.2, 6.85],
			"rotation": {"angle": -22.5, "axis": "x", "origin": [8.5, 4, 6.5]},
			"faces": {
				"north": {"uv": [0, 0, 1, 4], "texture": "#11"},
				"east": {"uv": [2, 0, 3, 4], "texture": "#11"},
				"south": {"uv": [0, 4, 1, 8], "texture": "#11"},
				"west": {"uv": [4, 0, 5, 4], "texture": "#11"},
				"up": {"uv": [3, 5, 2, 4], "texture": "#11"},
				"down": {"uv": [5, 4, 4, 5], "texture": "#11"}
			}
		},
		{
			"from": [8, 0.7, 6.7],
			"to": [9, 1.7, 7.7],
			"faces": {
				"north": {"uv": [0, 0, 2, 2], "texture": "#13"},
				"east": {"uv": [0, 2, 2, 4], "texture": "#13"},
				"south": {"uv": [2, 0, 4, 2], "texture": "#13"},
				"west": {"uv": [2, 2, 4, 4], "texture": "#13"},
				"up": {"uv": [2, 6, 0, 4], "texture": "#13"},
				"down": {"uv": [6, 0, 4, 2], "texture": "#13"}
			}
		},
		{
			"from": [7.75, 0, 6.6],
			"to": [9.25, 1, 7.6],
			"rotation": {"angle": 45, "axis": "x", "origin": [8.5, 0.5, 7.5]},
			"faces": {
				"north": {"uv": [0, 0, 6, 4], "texture": "#14"},
				"east": {"uv": [8, 4, 12, 8], "texture": "#14"},
				"south": {"uv": [0, 4, 6, 8], "texture": "#14"},
				"west": {"uv": [8, 8, 12, 12], "texture": "#14"},
				"up": {"uv": [6, 12, 0, 8], "texture": "#14"},
				"down": {"uv": [14, 0, 8, 4], "texture": "#14"}
			}
		},
		{
			"from": [7.75, 6, 5],
			"to": [9.25, 6.3, 8],
			"rotation": {"angle": 0, "axis": "y", "origin": [8.5, 6.15, 6.5]},
			"faces": {
				"north": {"uv": [0, 8, 3, 9], "texture": "#4"},
				"east": {"uv": [0, 6, 6, 7], "texture": "#4"},
				"south": {"uv": [8, 0, 11, 1], "texture": "#4"},
				"west": {"uv": [6, 6, 12, 7], "texture": "#4"},
				"up": {"uv": [3, 6, 0, 0], "texture": "#4"},
				"down": {"uv": [7, 0, 4, 6], "texture": "#4"}
			}
		},
		{
			"from": [8, 6.5, 8],
			"to": [9, 6.8, 9.5],
			"rotation": {"angle": -22.5, "axis": "x", "origin": [8.5, 6.15, 9.125]},
			"faces": {
				"north": {"uv": [4, 2, 6, 3], "texture": "#5"},
				"east": {"uv": [0, 4, 3, 5], "texture": "#5"},
				"south": {"uv": [4, 4, 6, 5], "texture": "#5"},
				"west": {"uv": [4, 0, 7, 1], "texture": "#5"},
				"up": {"uv": [2, 3, 0, 0], "texture": "#5"},
				"down": {"uv": [4, 0, 2, 3], "texture": "#5"}
			}
		},
		{
			"from": [8, 5.775, 4.725],
			"to": [9, 6.775, 5.025],
			"rotation": {"angle": 22.5, "axis": "x", "origin": [8.5, 6.15, 3.875]},
			"faces": {
				"north": {"uv": [0, 0, 2, 2], "texture": "#6"},
				"east": {"uv": [2, 0, 3, 2], "texture": "#6"},
				"south": {"uv": [0, 2, 2, 4], "texture": "#6"},
				"west": {"uv": [2, 2, 3, 4], "texture": "#6"},
				"up": {"uv": [2, 5, 0, 4], "texture": "#6"},
				"down": {"uv": [6, 0, 4, 1], "texture": "#6"}
			}
		},
		{
			"from": [8.25, 6.2338, 9.485],
			"to": [8.75, 7.7338, 9.785],
			"rotation": {"angle": 22.5, "axis": "x", "origin": [8.5, 7.2338, 10.43496]},
			"faces": {
				"north": {"uv": [0, 0, 1, 3], "texture": "#7"},
				"east": {"uv": [2, 0, 3, 3], "texture": "#7"},
				"south": {"uv": [0, 4, 1, 7], "texture": "#7"},
				"west": {"uv": [4, 0, 5, 3], "texture": "#7"},
				"up": {"uv": [3, 5, 2, 4], "texture": "#7"},
				"down": {"uv": [5, 4, 4, 5], "texture": "#7"}
			}
		},
		{
			"from": [8.25, 4.45892, 4.56403],
			"to": [8.75, 5.45892, 4.86403],
			"rotation": {"angle": 0, "axis": "x", "origin": [8.5, 4.95892, 4.46403]},
			"faces": {
				"north": {"uv": [0, 0, 1, 2], "texture": "#8"},
				"east": {"uv": [0, 2, 1, 4], "texture": "#8"},
				"south": {"uv": [2, 0, 3, 2], "texture": "#8"},
				"west": {"uv": [2, 2, 3, 4], "texture": "#8"},
				"up": {"uv": [1, 5, 0, 4], "texture": "#8"},
				"down": {"uv": [5, 0, 4, 1], "texture": "#8"}
			}
		},
		{
			"from": [8.25, 0.7, 6.95],
			"to": [8.75, 2.7, 7.45],
			"faces": {
				"north": {"uv": [0, 0, 1, 4], "texture": "#12"},
				"east": {"uv": [2, 0, 3, 4], "texture": "#12"},
				"south": {"uv": [0, 4, 1, 8], "texture": "#12"},
				"west": {"uv": [4, 0, 5, 4], "texture": "#12"},
				"up": {"uv": [3, 5, 2, 4], "texture": "#12"},
				"down": {"uv": [5, 4, 4, 5], "texture": "#12"}
			}
		},
		{
			"from": [8, 5.25, 6],
			"to": [9, 6, 7],
			"faces": {
				"north": {"uv": [0, 0, 2, 2], "texture": "#9"},
				"east": {"uv": [0, 2, 2, 4], "texture": "#9"},
				"south": {"uv": [2, 0, 4, 2], "texture": "#9"},
				"west": {"uv": [2, 2, 4, 4], "texture": "#9"},
				"up": {"uv": [2, 6, 0, 4], "texture": "#9"},
				"down": {"uv": [6, 0, 4, 2], "texture": "#9"}
			}
		},
		{
			"from": [8.25, 6, 6.5],
			"to": [8.75, 15.55, 7.75],
			"rotation": {"angle": 0, "axis": "y", "origin": [8.5, 6.15, 6.5]},
			"faces": {
				"north": {"uv": [4, 0, 4.5, 9.5], "texture": "#18"},
				"east": {"uv": [0, 0, 1.25, 9.5], "texture": "#18"},
				"south": {"uv": [5, 0, 5.5, 9.5], "texture": "#18"},
				"west": {"uv": [2, 0, 3.25, 9.5], "texture": "#18"},
				"up": {"uv": [6.5, 1.25, 6, 0], "texture": "#18"},
				"down": {"uv": [6.5, 2, 6, 3.25], "texture": "#18"}
			}
		},
		{
			"from": [8.4, 6, 5.5],
			"to": [8.6, 15.55, 6.75],
			"rotation": {"angle": 0, "axis": "y", "origin": [8.5, 6.15, 6.5]},
			"faces": {
				"north": {"uv": [4, 0, 4.25, 9.5], "texture": "#17"},
				"east": {"uv": [0, 0, 1.25, 9.5], "texture": "#17"},
				"south": {"uv": [5, 0, 5.25, 9.5], "texture": "#17"},
				"west": {"uv": [2, 0, 3.25, 9.5], "texture": "#17"},
				"up": {"uv": [6.25, 1.25, 6, 0], "texture": "#17"},
				"down": {"uv": [6.25, 2, 6, 3.25], "texture": "#17"}
			}
		},
		{
			"from": [8.25, 15.25, 7],
			"to": [8.75, 18.05, 8.25],
			"rotation": {"angle": 22.5, "axis": "x", "origin": [8.5, 16.9, 7.125]},
			"faces": {
				"north": {"uv": [0, 6, 1, 11.5], "texture": "#16"},
				"east": {"uv": [0, 0, 2.5, 5.5], "texture": "#16"},
				"south": {"uv": [2, 6, 3, 11.5], "texture": "#16"},
				"west": {"uv": [4, 0, 6.5, 5.5], "texture": "#16"},
				"up": {"uv": [5, 8.5, 4, 6], "texture": "#16"},
				"down": {"uv": [7, 6, 6, 8.5], "texture": "#16"}
			}
		},
		{
			"from": [8.4, 15.25, 5.75],
			"to": [8.6, 19.3, 7],
			"rotation": {"angle": 22.5, "axis": "x", "origin": [8.5, 16.025, 6.125]},
			"faces": {
				"north": {"uv": [0, 8, 0.5, 16], "texture": "#15"},
				"east": {"uv": [0, 0, 2.5, 8], "texture": "#15"},
				"south": {"uv": [8, 0, 8.5, 8], "texture": "#15"},
				"west": {"uv": [4, 0, 6.5, 8], "texture": "#15"},
				"up": {"uv": [2.5, 10.5, 2, 8], "texture": "#15"},
				"down": {"uv": [4.5, 8, 4, 10.5], "texture": "#15"}
			}
		}
	],
	"display": {
		"thirdperson_righthand": {
			"translation": [-1.5, 4, 3.75],
			"scale": [1.39, 1.39, 1.39]
		},
		"thirdperson_lefthand": {
			"translation": [0, 2.75, 2.5]
		},
		"firstperson_righthand": {
			"rotation": [-10, -5, 0],
			"translation": [3.25, 3.25, 0],
			"scale": [1, 1.09, 1]
		},
		"firstperson_lefthand": {
			"rotation": [-3, 0, 0],
			"translation": [5.5, 2.5, 0],
			"scale": [1, 1.14, 1]
		},
		"ground": {
			"rotation": [-50.5, -40.18, 33.69]
		},
		"gui": {
			"rotation": [-94.23, -43.31, -96.15],
			"translation": [-1.25, -0.5, 0]
		},
		"head": {
			"rotation": [-27.25, 0, 0],
			"translation": [1, 5.5, -4]
		},
		"fixed": {
			"rotation": [-107.8, 43.85, 102.54],
			"translation": [1.5, 0, 0]
		}
	}
}