{
    "parent": "minecraft:item/handheld",
    "textures": {
      "layer0": "minecraft:item/stick"
    },

    "overrides":[
        {
            "predicate":{
                "custom_model_data": 1
            },
            "model": "customitems/paycoins/soulcoin1"
        },
        {
            "predicate":{
                "custom_model_data": 2
            },
            "model": "customitems/paycoins/soulcoin2"
        },
        {
            "predicate":{
                "custom_model_data": 3
            },
            "model": "customitems/paycoins/soulcoin3"
        },
        {
            "predicate":{
                "custom_model_data": 4
            },
            "model": "customitems/paycoins/soulcoin4"
        },
        {
            "predicate":{
                "custom_model_data": 5
            },
            "model": "customitems/paycoins/soulcoin5"
        },
        {"predicate":{
                "custom_model_data": 6
            },
            "model": "customitems/paycoins/soulcoin6"
        },
        {
            "predicate":{
                "custom_model_data": 7
            },
            "model": "customitems/paycoins/soulcoin7"
        }
    ]
  }