{
    "providers":[
        {
            "type":"bitmap",
            "file":"minecraft:logos/survivalcustom.png",
			"ascent":15,
			"height":35,
            "chars":[
                ""
            ]
        },
        {
            "type":"bitmap",
            "file":"minecraft:logos/soulcoins.png",
			"ascent":15,
			"height":15,
            "chars":[
                "ʮ"
            ]
        },
        {
            "type":"bitmap",
            "file":"minecraft:rangos/usermoney/visitante.png",
			"ascent":5,
			"height":5,
            "chars":[
                "꜇"
            ]
        },
        {
            "type":"bitmap",
            "file":"minecraft:rangos/staff/owner.png",
			"ascent":7,
			"height":7,
            "chars":[
                "ʭ"
            ]
        },
        {
            "type":"bitmap",
            "file":"minecraft:rangos/staff/desarrollador.png",
			"ascent":5,
			"height":5,
            "chars":[
                "ʱ"
            ]
        },
        {
            "type":"bitmap",
            "file":"minecraft:customitems/totem_virgo_name.png",
			"ascent":5,
			"height":5,
            "chars":[
                "☓"
            ]
        }
    ]
}